job_title, company_name, job_type
Graphic Illustrator, TheTalentPoint | Jobs in UAE & Middleeast -, Full Time
Illustrator, Injaz Digital  -, Full TimeRemote
Senior Illustration Artist (2D), ZINAD IT -, Full Time
Senior Illustrator, Nahdet Misr Publishing Group -, Full Time
Graphic Designer, Rankoussi Group -, Full TimeOn-site
Graphic Designer, Rankoussi Group -, Full TimeOn-site
Graphic Designer, Confidential -, Full TimeOn-site
GRAPHIC DESIGNER, Lacasa Company -, Full TimeOn-site
Graphic Designer, Chemipharm  -, Full TimeOn-site
Interior Designer, Elwan For Ceramic and Porcelain -, Full TimeOn-site
Fashion Designer, Tie House -, Full TimeOn-site
Graphic Designer, Premium Card -, Full TimeOn-site
Motion Graphics Designer, Asia Furniture -, Full TimeOn-site
Graphic Designer, PGQ Group -, Full TimeOn-site
Advertising Art Director, Hamwi Cafe -, Full TimeOn-site
Graphic Illustrator, TheTalentPoint | Jobs in UAE & Middleeast -, Full Time
Illustrator, Injaz Digital  -, Full TimeRemote
Senior Illustration Artist (2D), ZINAD IT -, Full Time
Senior Illustrator, Nahdet Misr Publishing Group -, Full Time
Graphic Designer, Rankoussi Group -, Full TimeOn-site
Graphic Designer, Rankoussi Group -, Full TimeOn-site
Graphic Designer, Confidential -, Full TimeOn-site
GRAPHIC DESIGNER, Lacasa Company -, Full TimeOn-site
Graphic Designer, Chemipharm  -, Full TimeOn-site
Interior Designer, Elwan For Ceramic and Porcelain -, Full TimeOn-site
Fashion Designer, Tie House -, Full TimeOn-site
Graphic Designer, Premium Card -, Full TimeOn-site
Motion Graphics Designer, Asia Furniture -, Full TimeOn-site
Graphic Designer, PGQ Group -, Full TimeOn-site
Advertising Art Director, Hamwi Cafe -, Full TimeOn-site
